clientbankpartner_pin,score
6781, 
236905, 
125779, 
1952, 
4872, 
4661, 
45724, 
136295, 
12841, 
5245, 
152863, 
254028, 
151681, 
3842, 
147430, 
120125, 
2275, 
185398, 
23358, 
5217, 
126843, 
130773, 
270277, 
260082, 
306238, 
233003, 
49069, 
192525, 
5042, 
123800, 
1147, 
644, 
157415, 
309405, 
164540, 
4043, 
73343, 
211688, 
3014, 
244701, 
310757, 
181714, 
123986, 
169627, 
119117, 
2702, 
288381, 
1887, 
4591, 
39630, 
167618, 
2730, 
1636, 
1389, 
1185, 
121576, 
169428, 
3727, 
332979, 
117648, 
120247, 
287116, 
311805, 
138675, 
2967, 
211225, 
167940, 
882, 
255727, 
9264, 
4054, 
118406, 
263758, 
328966, 
137599, 
4110, 
144372, 
4800, 
31690, 
43335, 
277514, 
129786, 
7272, 
368, 
319602, 
4922, 
118214, 
2838, 
1544, 
5210, 
7641, 
15314, 
196543, 
290632, 
120741, 
182867, 
1756, 
9651, 
8256, 
2024, 
249018, 
875, 
1187, 
128, 
282630, 
47376, 
121486, 
14755, 
212394, 
118459, 
151312, 
2780, 
17200, 
296434, 
225342, 
4699, 
119062, 
5244, 
220629, 
125282, 
354, 
149831, 
993, 
55609, 
270891, 
4468, 
120050, 
12397, 
5941, 
5468, 
2176, 
1376, 
2464, 
228803, 
4129, 
252921, 
20765, 
5727, 
5057, 
300737, 
255622, 
23628, 
9762, 
27573, 
4561, 
7437, 
165665, 
322851, 
258057, 
236304, 
20634, 
199188, 
129162, 
9397, 
18385, 
3716, 
275542, 
235018, 
124475, 
191913, 
4835, 
327059, 
122034, 
223, 
5124, 
15669, 
120899, 
140807, 
4961, 
263989, 
13706, 
12640, 
1107, 
280378, 
3898, 
2623, 
121908, 
320308, 
1112, 
1445, 
2756, 
297092, 
147275, 
566, 
147816, 
300830, 
232023, 
268023, 
3970, 
2328, 
281963, 
3514, 
4717, 
209256, 
2352, 
5300, 
1138, 
13116, 
4753, 
121589, 
23008, 
44700, 
6590, 
1637, 
16250, 
39720, 
327963, 
320860, 
117528, 
2953, 
120304, 
5221, 
7832, 
1137, 
280151, 
271726, 
3290, 
183, 
234957, 
10648, 
4393, 
4124, 
120948, 
4100, 
173025, 
117710, 
34487, 
5095, 
122016, 
121237, 
304323, 
788, 
4833, 
164671, 
18372, 
306555, 
300810, 
220774, 
18863, 
2619, 
283884, 
4681, 
1688, 
6023, 
31262, 
283297, 
117744, 
3995, 
61674, 
5334, 
172174, 
9747, 
4171, 
5303, 
212000, 
190601, 
30485, 
119675, 
118923, 
4906, 
3526, 
119090, 
10270, 
977, 
117608, 
4847, 
1285, 
21620, 
244755, 
34417, 
170639, 
145198, 
225169, 
264590, 
2991, 
4417, 
2152, 
4569, 
121905, 
39129, 
265754, 
162, 
295057, 
218269, 
271409, 
148101, 
1984, 
194828, 
121579, 
3199, 
118437, 
52865, 
66314, 
55771, 
119908, 
280324, 
329078, 
13639, 
250342, 
4074, 
8021, 
5140, 
188403, 
332989, 
3269, 
1926, 
199076, 
14155, 
117740, 
8661, 
5040, 
121131, 
4263, 
12353, 
148160, 
225103, 
1579, 
2617, 
5208, 
231326, 
1771, 
118508, 
155334, 
4724, 
3348, 
1250, 
169050, 
121912, 
4359, 
211070, 
3521, 
121097, 
119137, 
4127, 
117929, 
298710, 
4436, 
4033, 
223063, 
197352, 
131436, 
282366, 
137706, 
121690, 
186314, 
309743, 
224186, 
303866, 
226535, 
236449, 
118960, 
834, 
324664, 
293590, 
218115, 
159050, 
327481, 
12831, 
4057, 
210881, 
301850, 
281667, 
121172, 
240192, 
243140, 
181261, 
167827, 
8698, 
15026, 
290782, 
283666, 
125315, 
183362, 
215908, 
281461, 
286376, 
264192, 
312201, 
119179, 
141828, 
247084, 
127738, 
5071, 
3896, 
309090, 
273882, 
162927, 
162474, 
14051, 
195787, 
135517, 
252894, 
266403, 
212930, 
276370, 
273206, 
126256, 
190189, 
6853, 
289050, 
223317, 
243442, 
211614, 
298569, 
136412, 
274358, 
235287, 
241433, 
38729, 
285084, 
161885, 
270227, 
119469, 
41873, 
121457, 
220547, 
227008, 
130756, 
137145, 
123071, 
5076, 
191591, 
2879, 
311262, 
121413, 
157729, 
228136, 
169543, 
237252, 
326947, 
165358, 
225625, 
243413, 
120071, 
119977, 
167952, 
271851, 
236682, 
322881, 
137106, 
332721, 
13869, 
2288, 
180070, 
384, 
125209, 
249616, 
26821, 
120841, 
270529, 
191765, 
949, 
269120, 
3090, 
164054, 
122532, 
240341, 
168325, 
125092, 
190581, 
188523, 
121425, 
4895, 
234131, 
195708, 
121258, 
323931, 
3674, 
22, 
14193, 
226418, 
227419, 
2744, 
13118, 
188910, 
5001, 
273994, 
182339, 
160445, 
146234, 
24279, 
193082, 
294755, 
237050, 
247277, 
144516, 
203965, 
120216, 
235231, 
134986, 
260561, 
213275, 
214793, 
7082, 
21500, 
3966, 
293575, 
308781, 
177859, 
230196, 
173551, 
211826, 
175333, 
145720, 
119362, 
121691, 
326581, 
121810, 
172590, 
5157, 
236722, 
281904, 
11294, 
134717, 
492, 
270764, 
3857, 
717, 
322696, 
4272, 
5101, 
137344, 
329795, 
312670, 
134505, 
282982, 
290858, 
5100, 
251860, 
5069, 
199181, 
249864, 
280332, 
293736, 
3747, 
155444, 
120715, 
170221, 
155163, 
344, 
2102, 
4442, 
328795, 
282579, 
204054, 
119426, 
125112, 
295108, 
1205, 
12739, 
3890, 
185471, 
285165, 
174172, 
474, 
3913, 
135070, 
4137, 
252883, 
119355, 
238650, 
333068, 
13236, 
212654, 
181419, 
151550, 
4713, 
5512, 
278779, 
313852, 
119263, 
120651, 
175677, 
290531, 
10562, 
721, 
926, 
260, 
3700, 
267768, 
269068, 
293750, 
257743, 
12679, 
151090, 
226754, 
291582, 
22678, 
12359, 
237942, 
152846, 
120262, 
282196, 
135173, 
133772, 
1489, 
212066, 
148459, 
3077, 
280897, 
287845, 
1375, 
6349, 
169437, 
119665, 
119087, 
159146, 
28024, 
196267, 
25207, 
13596, 
9141, 
223994, 
285213, 
119559, 
230336, 
8858, 
2007, 
121948, 
301521, 
325711, 
286749, 
3782, 
286685, 
2458, 
174106, 
431, 
4990, 
117615, 
199398, 
121174, 
183996, 
306039, 
4760, 
121418, 
3859, 
2987, 
333031, 
586, 
174230, 
119285, 
301174, 
118331, 
121225, 
4111, 
192512, 
276986, 
121892, 
8107, 
247661, 
2944, 
300379, 
18391, 
7243, 
210178, 
121333, 
259019, 
292200, 
591, 
263334, 
1707, 
315249, 
288581, 
6881, 
286, 
247702, 
189842, 
317575, 
24367, 
125442, 
279614, 
2450, 
285056, 
1959, 
118129, 
127219, 
122002, 
147869, 
248502, 
121280, 
216653, 
133352, 
5175, 
1414, 
4449, 
3802, 
4308, 
18305, 
153799, 
195442, 
278125, 
164118, 
223374, 
3725, 
870, 
3545, 
258, 
234991, 
1299, 
301664, 
274607, 
3989, 
8253, 
21470, 
233898, 
9529, 
230816, 
5113, 
121765, 
3111, 
475, 
119926, 
165321, 
200896, 
215381, 
202621, 
516, 
32680, 
125079, 
267062, 
119900, 
203917, 
135840, 
118112, 
302605, 
125240, 
238717, 
14447, 
271898, 
269392, 
168696, 
277126, 
120924, 
199, 
28527, 
2866, 
205254, 
128055, 
1792, 
3854, 
3633, 
7486, 
5729, 
3169, 
1898, 
4941, 
266504, 
2631, 
2346, 
121, 
137295, 
4985, 
25971, 
4241, 
9042, 
1799, 
210976, 
150262, 
125203, 
5179, 
4873, 
15835, 
28926, 
301515, 
238694, 
302467, 
3221, 
7642, 
125445, 
156880, 
266172, 
234226, 
315857, 
176987, 
165735, 
118826, 
331937, 
2029, 
258960, 
6620, 
121555, 
184385, 
34352, 
119341, 
174095, 
4282, 
330476, 
5050, 
154833, 
319232, 
200035, 
178495, 
305630, 
4837, 
25345, 
330686, 
2733, 
154556, 
242604, 
24726, 
3550, 
1784, 
14469, 
328473, 
255316, 
4204, 
121566, 
269919, 
1729, 
161795, 
2299, 
278840, 
5169, 
2831, 
13256, 
11718, 
6057, 
320129, 
599, 
213854, 
311886, 
149812, 
125065, 
276196, 
208526, 
3985, 
1933, 
5006, 
121326, 
4192, 
310346, 
46702, 
9002, 
20782, 
28485, 
4299, 
212405, 
127585, 
4532, 
118518, 
247552, 
287915, 
4876, 
219075, 
956, 
244207, 
318144, 
14251, 
184150, 
157164, 
27520, 
154621, 
11445, 
242528, 
286193, 
4481, 
13173, 
1510, 
182409, 
4692, 
183392, 
121390, 
4656, 
319316, 
797, 
252674, 
202400, 
4372, 
613, 
3711, 
21724, 
184492, 
118770, 
1629, 
303807, 
314573, 
238560, 
198273, 
252356, 
2068, 
317782, 
21423, 
13339, 
201238, 
221515, 
119149, 
1815, 
288029, 
170987, 
932, 
1350, 
3895, 
609, 
187, 
13815, 
5150, 
3862, 
2167, 
2312, 
5139, 
247699, 
6529, 
13654, 
197710, 
121553, 
4193, 
4107, 
1949, 
16058, 
205539, 
293372, 
322151, 
5983, 
264079, 
140670, 
13170, 
5184, 
5228, 
152431, 
299429, 
208561, 
139727, 
197881, 
125360, 
202031, 
118587, 
139319, 
229766, 
5460, 
200805, 
4856, 
125283, 
4564, 
4683, 
297607, 
159006, 
175641, 
120743, 
151159, 
4696, 
185093, 
121029, 
4936, 
4973, 
4368, 
34547, 
1, 
119497, 
9468, 
4224, 
26793, 
1037, 
5166, 
158108, 
5072, 
4008, 
4629, 
37311, 
143469, 
121771, 
8613, 
119585, 
560, 
119958, 
4273, 
118590, 
4102, 
270399, 
161474, 
10090, 
333020, 
233654, 
183299, 
123144, 
120797, 
189527, 
3969, 
210753, 
233433, 
37264, 
198405, 
118694, 
145704, 
280563, 
218396, 
23551, 
525, 
198049, 
5151, 
5127, 
3224, 
121624, 
4526, 
121915, 
118082, 
331691, 
175612, 
236568, 
199404, 
281468, 
253794, 
4964, 
296547, 
234946, 
125427, 
9472, 
3007, 
219164, 
125693, 
168994, 
10543, 
211363, 
238158, 
216455, 
149145, 
139168, 
289125, 
28708, 
198123, 
133914, 
3945, 
1581, 
1140, 
5182, 
326611, 
8206, 
1173, 
229818, 
676, 
4010, 
4467, 
246506, 
231400, 
169938, 
199099, 
858, 
3912, 
8386, 
2600, 
5500, 
212461, 
289527, 
128439, 
11567, 
4319, 
4736, 
218817, 
177438, 
248131, 
2245, 
144302, 
14989, 
5132, 
251500, 
996, 
11761, 
118496, 
1064, 
228565, 
269, 
219796, 
41440, 
2459, 
238584, 
232684, 
4285, 
166656, 
238982, 
198327, 
5183, 
300346, 
15323, 
2371, 
295972, 
221714, 
125201, 
22215, 
14159, 
3504, 
962, 
175357, 
125245, 
271617, 
148265, 
265886, 
140650, 
126197, 
14889, 
264512, 
3025, 
1791, 
38897, 
4281, 
312139, 
1013, 
4187, 
270371, 
2833, 
118703, 
283008, 
267605, 
128286, 
133158, 
198134, 
2126, 
151890, 
37594, 
4956, 
4850, 
35557, 
123180, 
256618, 
60599, 
186351, 
214686, 
4197, 
226269, 
2870, 
4143, 
28973, 
301104, 
5173, 
330149, 
157957, 
3053, 
120794, 
189194, 
178480, 
121955, 
131127, 
124934, 
5096, 
189914, 
314323, 
171972, 
1766, 
219181, 
234831, 
4211, 
118021, 
3680, 
18982, 
165197, 
227730, 
5462, 
205777, 
42673, 
323988, 
1422, 
180091, 
245942, 
364, 
222786, 
1648, 
118550, 
4852, 
125171, 
192733, 
225583, 
120953, 
8912, 
2200, 
5063, 
183289, 
240079, 
147911, 
13552, 
8134, 
4261, 
197420, 
1514, 
13266, 
9242, 
806, 
6010, 
3740, 
333492, 
121786, 
409, 
139026, 
270614, 
121857, 
120131, 
824, 
329610, 
4848, 
4296, 
331167, 
240822, 
324068, 
1458, 
17206, 
121483, 
287785, 
5155, 
1770, 
252410, 
36548, 
269571, 
120054, 
230807, 
321043, 
40882, 
302202, 
3744, 
164485, 
27166, 
123708, 
135174, 
1630, 
170470, 
2645, 
275302, 
131011, 
1931, 
8562, 
9110, 
210789, 
258130, 
308096, 
317342, 
3380, 
163207, 
4120, 
221194, 
233507, 
140701, 
118866, 
121210, 
175948, 
119545, 
257863, 
2886, 
131546, 
3932, 
270901, 
270274, 
233796, 
11268, 
4945, 
325215, 
11324, 
3950, 
242032, 
189703, 
137503, 
199650, 
224960, 
239360, 
3029, 
125234, 
14635, 
3797, 
117955, 
4025, 
37324, 
34905, 
4869, 
4889, 
121251, 
865, 
256860, 
125198, 
4452, 
213899, 
118950, 
119325, 
125319, 
120277, 
133088, 
210069, 
119196, 
155619, 
247358, 
1686, 
8345, 
6828, 
26326, 
31957, 
328707, 
37043, 
4866, 
5187, 
331471, 
39922, 
188693, 
222880, 
151015, 
329675, 
4597, 
206876, 
119712, 
145248, 
233640, 
8842, 
307363, 
303530, 
2792, 
121841, 
212119, 
195993, 
1395, 
298501, 
901, 
261898, 
169939, 
3815, 
125229, 
16231, 
264489, 
2909, 
121985, 
251548, 
299740, 
19889, 
173951, 
332837, 
4424, 
15960, 
286390, 
158953, 
3832, 
1560, 
120113, 
233964, 
121689, 
220452, 
299334, 
3480, 
121522, 
185570, 
133231, 
307804, 
163, 
26269, 
1728, 
128954, 
258542, 
13158, 
5120, 
119827, 
22324, 
125939, 
125477, 
5896, 
225698, 
8522, 
4460, 
167847, 
129215, 
190547, 
129796, 
12242, 
206845, 
5088, 
136826, 
215258, 
1258, 
27987, 
213937, 
142225, 
198834, 
5149, 
291578, 
147944, 
218362, 
13350, 
121065, 
120322, 
138877, 
4832, 
228938, 
4916, 
3952, 
117934, 
279, 
186173, 
155984, 
207183, 
117642, 
2093, 
10881, 
18356, 
239949, 
151941, 
225752, 
4748, 
1093, 
274122, 
224651, 
247722, 
200524, 
120114, 
1516, 
201376, 
194175, 
206015, 
265612, 
4059, 
934, 
266386, 
258415, 
318875, 
218461, 
121518, 
191885, 
20201, 
269112, 
168011, 
330723, 
125575, 
2851, 
1477, 
13688, 
10772, 
153497, 
288328, 
242085, 
167939, 
3690, 
213040, 
8447, 
219, 
5077, 
131759, 
118772, 
317597, 
195412, 
4674, 
3892, 
417, 
168552, 
119054, 
182948, 
2496, 
173375, 
2997, 
210700, 
121235, 
322792, 
292110, 
119729, 
136080, 
120694, 
127626, 
8122, 
210761, 
306693, 
224279, 
10528, 
5092, 
2388, 
322711, 
184168, 
120840, 
4289, 
121158, 
118435, 
130085, 
118730, 
120256, 
162246, 
188700, 
248630, 
120402, 
282491, 
6384, 
323086, 
332078, 
8293, 
234924, 
34416, 
199454, 
303651, 
1917, 
7067, 
167912, 
274056, 
4503, 
3568, 
135092, 
118864, 
268845, 
125271, 
2363, 
1372, 
120653, 
686, 
220218, 
6930, 
252646, 
121309, 
4878, 
125298, 
10596, 
214361, 
172018, 
121934, 
2603, 
137371, 
327379, 
8197, 
125033, 
267717, 
4693, 
19243, 
223425, 
279046, 
125583, 
2326, 
284901, 
10861, 
121707, 
13548, 
121046, 
27997, 
5549, 
594, 
200396, 
9650, 
121402, 
118506, 
295109, 
119368, 
120545, 
1201, 
203724, 
1566, 
2128, 
296844, 
675, 
136737, 
60, 
261370, 
119997, 
168904, 
119088, 
292821, 
869, 
231550, 
184164, 
125379, 
706, 
314825, 
125131, 
2145, 
16052, 
1340, 
4795, 
1830, 
210106, 
157356, 
3714, 
333400, 
582, 
284715, 
495, 
255018, 
2689, 
4928, 
247713, 
8192, 
10652, 
308077, 
238100, 
130421, 
297680, 
191910, 
3470, 
210278, 
176253, 
125107, 
35567, 
192335, 
193887, 
149035, 
331737, 
235710, 
4776, 
10797, 
146648, 
4085, 
200302, 
8398, 
8852, 
36480, 
331274, 
300, 
16089, 
195478, 
3929, 
12174, 
3757, 
132342, 
189690, 
277479, 
269690, 
158358, 
256943, 
118709, 
8359, 
208137, 
201997, 
3293, 
188929, 
1235, 
381, 
198813, 
201516, 
1472, 
4828, 
283119, 
4660, 
230035, 
4972, 
4824, 
239975, 
3723, 
13075, 
195718, 
252697, 
3232, 
331433, 
4979, 
4719, 
260851, 
20888, 
184297, 
3261, 
128869, 
306981, 
261094, 
12443, 
1632, 
173079, 
238408, 
730, 
4374, 
2503, 
119300, 
304158, 
320430, 
120947, 
1482, 
9583, 
24639, 
248, 
226340, 
9406, 
330056, 
14293, 
3153, 
144506, 
23136, 
3920, 
173, 
238073, 
651, 
204980, 
122, 
120684, 
216032, 
13493, 
5027, 
5751, 
253951, 
151486, 
118922, 
183411, 
4443, 
131216, 
14746, 
61529, 
251394, 
4698, 
2227, 
233984, 
4362, 
167195, 
271096, 
254395, 
316870, 
739, 
226425, 
2644, 
163573, 
38247, 
7555, 
3687, 
940, 
4730, 
242312, 
117971, 
1576, 
217073, 
1014, 
121519, 
181570, 
33, 
3778, 
262824, 
1352, 
214952, 
121729, 
325622, 
278496, 
145703, 
1802, 
192303, 
298677, 
277549, 
188253, 
120748, 
8109, 
193170, 
4843, 
120468, 
129959, 
125585, 
121450, 
118403, 
4584, 
196373, 
170647, 
248906, 
5162, 
2266, 
332146, 
332698, 
2881, 
37238, 
3142, 
154353, 
5051, 
6348, 
2394, 
37006, 
4827, 
118400, 
267733, 
305184, 
122768, 
4534, 
118790, 
1494, 
214278, 
187027, 
139969, 
121113, 
238444, 
175928, 
4314, 
2766, 
172745, 
4500, 
278235, 
196573, 
1083, 
247327, 
2746, 
1087, 
294457, 
38643, 
8624, 
330185, 
4361, 
4479, 
1413, 
4651, 
236027, 
2104, 
4493, 
1958, 
35228, 
121294, 
6841, 
221030, 
5090, 
241683, 
3795, 
118622, 
5170, 
273855, 
331745, 
3820, 
124414, 
308363, 
187890, 
213787, 
219156, 
299143, 
5118, 
2611, 
318496, 
324134, 
152277, 
196946, 
4099, 
176083, 
33796, 
299963, 
39031, 
15167, 
239470, 
270453, 
210701, 
2480, 
224585, 
117799, 
306621, 
282414, 
9518, 
134513, 
5942, 
261815, 
139657, 
312990, 
159009, 
145228, 
168, 
4983, 
226942, 
2219, 
121463, 
249356, 
503, 
8981, 
329378, 
4207, 
315861, 
266302, 
1059, 
3013, 
2410, 
1433, 
132119, 
4933, 
245412, 
277915, 
121636, 
1255, 
161042, 
302184, 
120476, 
245044, 
319874, 
176352, 
180001, 
4017, 
120448, 
214955, 
234863, 
2473, 
265521, 
216988, 
201499, 
158195, 
13726, 
320319, 
40359, 
227756, 
270924, 
194364, 
119733, 
1499, 
16842, 
321177, 
12163, 
10675, 
130879, 
5039, 
167312, 
241785, 
128048, 
3138, 
135846, 
137450, 
124369, 
24914, 
4662, 
118608, 
244291, 
254854, 
2210, 
769, 
6263, 
192312, 
3590, 
14761, 
38251, 
217705, 
226373, 
265626, 
13735, 
208467, 
215690, 
26483, 
121710, 
21877, 
167005, 
3684, 
122021, 
3694, 
124143, 
2140, 
217573, 
145432, 
166789, 
224225, 
260328, 
240373, 
118226, 
4810, 
125175, 
271217, 
7123, 
77917, 
120422, 
19486, 
2939, 
133567, 
15220, 
4952, 
330369, 
1852, 
8550, 
7870, 
289845, 
5165, 
168682, 
117713, 
5017, 
259322, 
1911, 
2311, 
288301, 
4556, 
1861, 
163682, 
172394, 
2022, 
4462, 
142339, 
9632, 
18245, 
11158, 
1683, 
118396, 
232058, 
224992, 
304485, 
308934, 
4265, 
315772, 
5141, 
118873, 
3561, 
134638, 
121868, 
119617, 
230712, 
5131, 
289478, 
312080, 
444, 
25192, 
7628, 
7781, 
4373, 
9379, 
4831, 
28043, 
1476, 
26854, 
14213, 
301819, 
855, 
125145, 
180808, 
3309, 
119382, 
298108, 
1538, 
271169, 
4370, 
4860, 
188108, 
290510, 
327158, 
142999, 
9077, 
278056, 
4435, 
9285, 
3980, 
163856, 
212975, 
4749, 
2469, 
132316, 
166685, 
263418, 
4552, 
121704, 
7748, 
248491, 
139195, 
315138, 
1216, 
180158, 
118404, 
38, 
3276, 
316, 
260195, 
5010, 
120038, 
250389, 
2743, 
136777, 
2, 
215107, 
279695, 
161481, 
9634, 
226024, 
5546, 
206300, 
37331, 
126733, 
39612, 
255747, 
185463, 
5172, 
4880, 
285740, 
23107, 
136, 
3048, 
270348, 
8445, 
899, 
151722, 
283673, 
165987, 
1603, 
5154, 
120799, 
4858, 
120733, 
260596, 
270509, 
263779, 
132391, 
4243, 
327742, 
121916, 
477, 
11932, 
8772, 
256674, 
321753, 
361, 
269733, 
121245, 
268100, 
257200, 
252481, 
3130, 
317851, 
151717, 
4487, 
5161, 
127486, 
10026, 
167416, 
226317, 
167169, 
121321, 
310, 
180052, 
210342, 
323030, 
38493, 
36757, 
10110, 
196851, 
125517, 
1399, 
206251, 
5171, 
260438, 
7643, 
14422, 
7115, 
2993, 
300293, 
125406, 
15177, 
307610, 
134720, 
3447, 
850, 
10170, 
1962, 
285679, 
6386, 
41518, 
166655, 
751, 
1072, 
125665, 
124702, 
302819, 
4664, 
4870, 
275935, 
4003, 
155808, 
4105, 
5225, 
15793, 
162900, 
209188, 
30206, 
5518, 
4203, 
25707, 
15889, 
311015, 
3185, 
41736, 
13892, 
263518, 
3765, 
11225, 
185654, 
10804, 
285661, 
4402, 
7204, 
10296, 
54960, 
39795, 
120711, 
280289, 
123470, 
284263, 
49198, 
5028, 
4624, 
40536, 
5067, 
4457, 
174, 
327213, 
39884, 
3990, 
145307, 
121512, 
120013, 
320049, 
9691, 
3126, 
202163, 
4954, 
117705, 
50170, 
125006, 
31051, 
47462, 
3010, 
169818, 
1068, 
239378, 
5185, 
49849, 
1614, 
1217, 
192823, 
286059, 
1373, 
5031, 
33905, 
224624, 
40899, 
55701, 
121521, 
18187, 
270506, 
188754, 
13336, 
293550, 
258552, 
278759, 
121583, 
743, 
31226, 
3516, 
16781, 
123145, 
55490, 
5213, 
325500, 
465, 
12517, 
122959, 
2162, 
257664, 
173054, 
122576, 
4804, 
152678, 
39887, 
164055, 
9782, 
1103, 
20762, 
127343, 
183207, 
12543, 
246606, 
663, 
1593, 
125368, 
285317, 
123485, 
804, 
166843, 
284650, 
2846, 
15175, 
23793, 
12777, 
124682, 
51978, 
118737, 
125718, 
2213, 
145879, 
16243, 
35160, 
55306, 
27616, 
260770, 
21458, 
125142, 
3683, 
211308, 
15082, 
3515, 
43031, 
279204, 
1233, 
16559, 
17681, 
1303, 
2929, 
173701, 
149259, 
157329, 
3652, 
195247, 
4554, 
24586, 
33388, 
323432, 
118288, 
224096, 
253877, 
4437, 
303942, 
32320, 
42756, 
16977, 
4071, 
251765, 
327435, 
176615, 
1026, 
32998, 
1985, 
236096, 
17255, 
158849, 
4060, 
43839, 
3879, 
173912, 
4540, 
3524, 
12551, 
13566, 
288572, 
118818, 
268309, 
43389, 
32180, 
6581, 
119681, 
221444, 
318689, 
863, 
52252, 
4996, 
125453, 
1587, 
312, 
163295, 
197952, 
4502, 
2138, 
174604, 
1950, 
10082, 
158670, 
11945, 
198648, 
947, 
125196, 
119860, 
1382, 
2609, 
186393, 
268, 
1961, 
36962, 
265392, 
15255, 
1300, 
3754, 
50257, 
240379, 
1424, 
12557, 
241716, 
8065, 
50074, 
4345, 
2398, 
243323, 
210658, 
217801, 
117959, 
4808, 
3498, 
248000, 
323987, 
1326, 
314539, 
3341, 
2378, 
39324, 
210269, 
297436, 
4486, 
14435, 
2060, 
5189, 
275684, 
1222, 
916, 
220062, 
937, 
307831, 
2149, 
118432, 
2101, 
163899, 
14274, 
43792, 
118441, 
276868, 
4756, 
295478, 
54380, 
232835, 
4794, 
11257, 
292136, 
296760, 
244848, 
329308, 
324944, 
286665, 
16244, 
4742, 
196639, 
42004, 
303647, 
133336, 
120369, 
125075, 
223943, 
120583, 
2933, 
38620, 
3026, 
1493, 
5087, 
4899, 
253056, 
207140, 
135831, 
328308, 
31177, 
2442, 
333098, 
159808, 
35465, 
4993, 
52606, 
1055, 
121246, 
9249, 
225440, 
188430, 
289878, 
3379, 
31493, 
7472, 
225104, 
149933, 
179401, 
182517, 
185328, 
4316, 
485, 
53973, 
259503, 
121439, 
5249, 
218060, 
12786, 
7691, 
121582, 
45659, 
14463, 
276334, 
4969, 
248261, 
148905, 
118078, 
165978, 
251003, 
227, 
2573, 
158789, 
138068, 
35579, 
51585, 
304989, 
3471, 
4643, 
270503, 
5246, 
185230, 
269073, 
50427, 
297715, 
21690, 
178951, 
5159, 
3323, 
3638, 
117994, 
15521, 
528, 
237352, 
303867, 
184246, 
331903, 
296122, 
1663, 
155972, 
298209, 
17976, 
7577, 
3360, 
28114, 
12882, 
253057, 
317794, 
5467, 
1639, 
159, 
2411, 
39743, 
120984, 
1690, 
302813, 
9591, 
4921, 
21061, 
287011, 
121094, 
202678, 
290901, 
203, 
317096, 
183924, 
121335, 
226, 
42848, 
12693, 
203100, 
302232, 
119679, 
272705, 
119951, 
1812, 
3803, 
178804, 
3132, 
2742, 
2485, 
294817, 
125541, 
7818, 
220815, 
288110, 
137231, 
309484, 
140854, 
246798, 
3992, 
238679, 
3743, 
2150, 
14497, 
155362, 
5503, 
1702, 
1426, 
4248, 
120405, 
316290, 
121556, 
28931, 
26362, 
17238, 
888, 
601, 
225570, 
18377, 
5550, 
276484, 
167701, 
167285, 
159014, 
1720, 
39034, 
174039, 
214150, 
232250, 
3441, 
247644, 
1036, 
152200, 
42975, 
14288, 
14821, 
303871, 
309822, 
189629, 
118939, 
1153, 
187680, 
11359, 
13111, 
4913, 
3065, 
1240, 
237709, 
3951, 
296, 
119935, 
5191, 
4955, 
262852, 
4221, 
124, 
120624, 
227377, 
5008, 
222323, 
14040, 
257476, 
5192, 
25365, 
321411, 
120012, 
269621, 
212700, 
118933, 
312792, 
266298, 
4853, 
12533, 
39883, 
1757, 
1261, 
270812, 
244418, 
50512, 
4965, 
235300, 
17861, 
4857, 
40219, 
5264, 
253942, 
270720, 
5197, 
281273, 
126542, 
129598, 
228472, 
123572, 
120376, 
209361, 
10207, 
179829, 
32376, 
240184, 
147495, 
23853, 
30658, 
9263, 
14576, 
210007, 
53603, 
329767, 
976, 
42015, 
36786, 
314507, 
12583, 
5016, 
4529, 
5018, 
5009, 
1672, 
236249, 
24467, 
283577, 
38281, 
188438, 
159415, 
255984, 
18322, 
4094, 
450, 
118799, 
295518, 
296916, 
230757, 
322223, 
267832, 
3729, 
2381, 
832, 
296979, 
160844, 
42250, 
4627, 
12489, 
270515, 
2526, 
5206, 
211, 
1331, 
13563, 
720, 
150206, 
1390, 
2050, 
248647, 
4167, 
10352, 
226911, 
165353, 
300604, 
4639, 
2260, 
206, 
3691, 
330102, 
269784, 
121627, 
40695, 
319680, 
3805, 
338, 
5181, 
14564, 
16958, 
170961, 
187865, 
1367, 
330144, 
120357, 
4978, 
4793, 
237120, 
146785, 
152470, 
204022, 
144374, 
121532, 
761, 
242186, 
130251, 
206149, 
179, 
31985, 
264933, 
192161, 
314642, 
1659, 
244307, 
530, 
39109, 
249155, 
120489, 
118410, 
93, 
314849, 
121535, 
333, 
121855, 
256091, 
294744, 
180161, 
121020, 
190880, 
247668, 
323629, 
250317, 
130027, 
4214, 
487, 
4205, 
272102, 
5152, 
48962, 
119182, 
39044, 
10046, 
2981, 
6272, 
13034, 
224170, 
4805, 
9517, 
8965, 
188213, 
4770, 
565, 
7867, 
2414, 
321711, 
3843, 
193524, 
199571, 
5756, 
184429, 
118975, 
600, 
3303, 
139664, 
6747, 
121847, 
140081, 
24778, 
264675, 
121431, 
124965, 
42582, 
286644, 
235682, 
263991, 
196538, 
48312, 
259210, 
125115, 
196506, 
121623, 
171761, 
205865, 
2597, 
263914, 
196913, 
120443, 
25451, 
50055, 
268586, 
2882, 
5198, 
4168, 
47467, 
215217, 
242695, 
144371, 
3962, 
4144, 
2084, 
49155, 
332546, 
328379, 
229262, 
4525, 
189101, 
2376, 
212231, 
304552, 
11319, 
12909, 
2980, 
15318, 
332086, 
3703, 
50270, 
3118, 
14947, 
5205, 
185067, 
285214, 
242, 
440, 
266106, 
217671, 
319025, 
317998, 
316596, 
4558, 
3899, 
290886, 
118595, 
121854, 
125954, 
184967, 
1097, 
186550, 
287106, 
2791, 
4999, 
122524, 
120244, 
239317, 
262, 
38224, 
1932, 
14648, 
164421, 
198005, 
39790, 
7892, 
133441, 
1817, 
125182, 
304957, 
126826, 
5061, 
1700, 
308137, 
5888, 
144580, 
14844, 
120988, 
429, 
5211, 
299598, 
1241, 
3233, 
13787, 
30522, 
2805, 
146295, 
120738, 
4013, 
517, 
2578, 
1523, 
41286, 
51894, 
179394, 
173688, 
302500, 
222, 
1328, 
243585, 
271070, 
327382, 
5215, 
35562, 
121694, 
3559, 
120235, 
286194, 
120742, 
179508, 
5112, 
14362, 
42991, 
164386, 
118801, 
253331, 
239206, 
4070, 
234642, 
4728, 
13220, 
283526, 
33837, 
1616, 
4494, 
314173, 
219591, 
3608, 
121184, 
11087, 
137704, 
209076, 
63314, 
326610, 
14878, 
132505, 
117523, 
260844, 
9070, 
118460, 
2591, 
209510, 
1086, 
29917, 
310188, 
34706, 
132855, 
37980, 
8339, 
246162, 
11887, 
131362, 
32761, 
329711, 
156096, 
5013, 
156791, 
3968, 
5122, 
8246, 
3616, 
296419, 
3806, 
120363, 
3495, 
399, 
125104, 
324080, 
703, 
121308, 
325009, 
5547, 
128378, 
4914, 
166305, 
209194, 
286677, 
120401, 
148402, 
255771, 
3501, 
3120, 
4531, 
211615, 
229855, 
35796, 
298801, 
197151, 
3623, 
12511, 
138748, 
4330, 
316748, 
279259, 
292299, 
177622, 
1868, 
5199, 
221363, 
7076, 
218154, 
4675, 
4530, 
2925, 
191985, 
2055, 
3787, 
14144, 
300902, 
9290, 
125264, 
121845, 
15453, 
26668, 
312741, 
31620, 
909, 
4636, 
150250, 
125120, 
9246, 
10635, 
269047, 
235850, 
217044, 
162297, 
273376, 
4962, 
1324, 
136031, 
15093, 
38596, 
258051, 
238999, 
1448, 
24660, 
1646, 
206126, 
182773, 
2555, 
3738, 
230174, 
26267, 
4324, 
121575, 
249991, 
4992, 
7988, 
2222, 
4413, 
319292, 
331694, 
12487, 
125050, 
12067, 
227520, 
23812, 
293107, 
12845, 
216078, 
29958, 
12503, 
327628, 
126883, 
2965, 
2257, 
32422, 
22107, 
8922, 
16885, 
202513, 
808, 
224701, 
122777, 
120474, 
215118, 
251561, 
5214, 
18084, 
23447, 
9942, 
47782, 
256222, 
317110, 
128464, 
2348, 
15428, 
314719, 
60413, 
204428, 
33318, 
296794, 
122529, 
5222, 
227255, 
5106, 
120700, 
3717, 
1782, 
4521, 
132061, 
4902, 
4544, 
14621, 
4491, 
237026, 
2878, 
5126, 
157484, 
51840, 
121530, 
55018, 
7084, 
787, 
5864, 
264340, 
3342, 
177637, 
320966, 
150144, 
118262, 
4464, 
121148, 
242831, 
4890, 
5220, 
4703, 
505, 
254850, 
1437, 
4846, 
198060, 
121987, 
6575, 
2205, 
121481, 
1271, 
14963, 
1831, 
200533, 
5041, 
251836, 
234387, 
145560, 
1073, 
133736, 
3662, 
3933, 
150718, 
121438, 
4218, 
41744, 
4354, 
30466, 
122896, 
198824, 
218698, 
422, 
74484, 
315, 
330040, 
3300, 
137716, 
151778, 
20470, 
119186, 
53407, 
211745, 
737, 
217007, 
10650, 
6635, 
236601, 
32483, 
121993, 
24325, 
195927, 
388, 
119987, 
143009, 
15092, 
299661, 
325097, 
197480, 
169925, 
14764, 
179637, 
5158, 
4931, 
5234, 
2164, 
4861, 
120963, 
226634, 
2982, 
137576, 
120704, 
293825, 
290328, 
4421, 
13003, 
315880, 
197798, 
2853, 
2143, 
194561, 
16483, 
182328, 
50153, 
11615, 
125543, 
6554, 
147210, 
35028, 
50114, 
119663, 
7176, 
224173, 
47944, 
3948, 
9103, 
5509, 
64274, 
3411, 
136717, 
38090, 
206607, 
119258, 
65069, 
212983, 
3837, 
60036, 
142, 
54728, 
46383, 
42104, 
65570, 
217648, 
49663, 
66707, 
5313, 
44902, 
240315, 
53792, 
223602, 
64455, 
34021, 
133161, 
45622, 
120993, 
43506, 
7331, 
1736, 
311740, 
153750, 
1508, 
54477, 
45454, 
169990, 
161378, 
38858, 
4585, 
188429, 
125564, 
1885, 
51939, 
202019, 
45690, 
333024, 
315365, 
138904, 
289458, 
2440, 
7182, 
2426, 
242540, 
1776, 
238140, 
53368, 
3831, 
124838, 
222132, 
4817, 
50936, 
60246, 
170679, 
38576, 
12989, 
6255, 
126435, 
2602, 
3958, 
461, 
12643, 
13157, 
275455, 
4384, 
31486, 
4482, 
1310, 
3536, 
955, 
43270, 
117728, 
162098, 
4716, 
154883, 
122071, 
13885, 
327193, 
33077, 
173423, 
119267, 
122013, 
3840, 
62486, 
313043, 
211606, 
1765, 
5817, 
119226, 
48972, 
46253, 
5254, 
118259, 
234550, 
126282, 
59077, 
40904, 
206529, 
5021, 
46329, 
238697, 
3763, 
271309, 
65469, 
45074, 
62489, 
277776, 
5219, 
4461, 
48, 
258182, 
218860, 
16829, 
3868, 
193156, 
7731, 
5329, 
170478, 
2753, 
43719, 
56624, 
5316, 
121676, 
45415, 
2120, 
28744, 
73544, 
5325, 
144764, 
214367, 
16550, 
5311, 
130977, 
152469, 
4117, 
5108, 
11165, 
312497, 
118577, 
118594, 
1456, 
187731, 
61648, 
1843, 
5348, 
120386, 
59830, 
3058, 
4924, 
45093, 
332542, 
226394, 
169241, 
45689, 
4811, 
189840, 
289403, 
5863, 
2028, 
317392, 
246920, 
167859, 
217974, 
66327, 
121945, 
120224, 
148097, 
206579, 
5330, 
121605, 
3856, 
783, 
66607, 
230827, 
262237, 
64386, 
4213, 
253721, 
166925, 
244751, 
190261, 
1174, 
54894, 
267500, 
2758, 
60019, 
14247, 
4607, 
9926, 
5207, 
125463, 
146150, 
5974, 
1479, 
202559, 
162079, 
12414, 
3885, 
4647, 
3997, 
307341, 
138941, 
170389, 
155233, 
76, 
30838, 
5226, 
117968, 
5007, 
231314, 
120229, 
55531, 
198361, 
5227, 
666, 
192446, 
117743, 
45, 
8905, 
4456, 
238290, 
329245, 
2139, 
166169, 
19105, 
121168, 
61392, 
4358, 
157228, 
59842, 
330619, 
1442, 
297177, 
3147, 
14121, 
313819, 
4621, 
119134, 
117894, 
4863, 
235594, 
289765, 
114, 
37922, 
2542, 
117605, 
5259, 
8066, 
11059, 
20617, 
41959, 
269607, 
2814, 
5251, 
198739, 
253596, 
5239, 
4875, 
121980, 
234516, 
44641, 
326436, 
4429, 
1652, 
213882, 
1366, 
9836, 
1403, 
206731, 
294703, 
5258, 
4351, 
8980, 
7333, 
5298, 
211038, 
3377, 
1066, 
9034, 
11071, 
142443, 
2558, 
4430, 
59102, 
159356, 
13084, 
1824, 
125480, 
2269, 
14330, 
4336, 
172309, 
320018, 
5252, 
14315, 
286538, 
318106, 
129603, 
32284, 
121179, 
59875, 
329707, 
271106, 
1405, 
205867, 
216247, 
52843, 
4164, 
120676, 
304946, 
1518, 
145608, 
248798, 
38190, 
45239, 
251574, 
1737, 
604, 
168408, 
165242, 
295, 
151275, 
153081, 
333459, 
298424, 
724, 
117831, 
209686, 
121832, 
242821, 
33577, 
3402, 
507, 
194544, 
35, 
12483, 
121827, 
301762, 
324920, 
25666, 
1043, 
6473, 
2300, 
3073, 
8670, 
10391, 
141593, 
223502, 
200772, 
214400, 
5231, 
3844, 
1869, 
243667, 
5299, 
41087, 
5236, 
257878, 
120393, 
5860, 
66243, 
31331, 
118401, 
61154, 
125747, 
118620, 
49733, 
13327, 
4021, 
51969, 
121346, 
118089, 
10411, 
3874, 
402, 
225805, 
5825, 
281083, 
11285, 
8657, 
125418, 
2584, 
5305, 
7126, 
3476, 
5653, 
4796, 
4089, 
6053, 
326431, 
286060, 
62521, 
3181, 
5260, 
320096, 
272140, 
235258, 
14050, 
59173, 
309402, 
117540, 
1609, 
1918, 
6921, 
277366, 
14732, 
62961, 
294729, 
146355, 
46116, 
5250, 
4862, 
4997, 
62287, 
230251, 
30022, 
126500, 
13529, 
36826, 
1713, 
1856, 
62679, 
11396, 
12259, 
5034, 
291200, 
187958, 
60989, 
325788, 
4311, 
5248, 
130306, 
54242, 
53459, 
1194, 
2023, 
1101, 
4411, 
6823, 
10571, 
4517, 
47929, 
239, 
197750, 
9124, 
8154, 
4472, 
5148, 
170259, 
214821, 
117591, 
8728, 
45988, 
168045, 
22939, 
3414, 
32638, 
63440, 
9317, 
161038, 
321, 
48514, 
251662, 
14596, 
2849, 
177878, 
54448, 
4546, 
304736, 
147804, 
4510, 
61555, 
6974, 
44253, 
3299, 
332351, 
125456, 
253339, 
939, 
148456, 
314095, 
35332, 
145880, 
167402, 
312365, 
320670, 
135596, 
3552, 
195081, 
3919, 
1574, 
184067, 
289544, 
14071, 
5312, 
5105, 
5094, 
1377, 
274166, 
53215, 
7667, 
2240, 
295397, 
1302, 
267328, 
63646, 
4994, 
10433, 
62856, 
201076, 
50381, 
1468, 
5295, 
4028, 
263662, 
325618, 
308656, 
120680, 
202773, 
306309, 
325389, 
279739, 
10779, 
1419, 
138406, 
302512, 
4555, 
177321, 
163055, 
3612, 
15008, 
121798, 
320497, 
2832, 
40710, 
269881, 
64429, 
393, 
172088, 
3861, 
5242, 
4710, 
43456, 
147014, 
301597, 
117961, 
1334, 
119746, 
3821, 
230474, 
327388, 
148805, 
185052, 
224, 
149685, 
55495, 
120260, 
5216, 
8358, 
194662, 
125395, 
176778, 
232137, 
199958, 
5832, 
254157, 
236551, 
132257, 
4631, 
202777, 
64460, 
42879, 
53614, 
12612, 
54753, 
26484, 
239746, 
1750, 
291147, 
5247, 
4401, 
4087, 
4950, 
253792, 
35187, 
121385, 
14215, 
239604, 
253137, 
239028, 
242511, 
4122, 
196664, 
63985, 
878, 
15214, 
4490, 
5302, 
307563, 
2842, 
195859, 
130084, 
15135, 
1568, 
2764, 
47094, 
155435, 
158102, 
119177, 
1693, 
24997, 
5321, 
65901, 
64260, 
185027, 
52722, 
1263, 
3935, 
39670, 
8801, 
58917, 
34522, 
5156, 
4169, 
52739, 
15412, 
199010, 
1104, 
192251, 
12670, 
120122, 
134701, 
125090, 
61536, 
1827, 
285513, 
60176, 
51006, 
230375, 
4365, 
118941, 
13546, 
5235, 
8826, 
2523, 
119481, 
1638, 
215352, 
45184, 
168521, 
61004, 
742, 
142401, 
218751, 
118787, 
2754, 
39517, 
241088, 
191644, 
1450, 
326063, 
3937, 
3228, 
119084, 
332084, 
214069, 
244769, 
4836, 
220781, 
234198, 
152019, 
4864, 
1751, 
155743, 
275889, 
119980, 
523, 
45176, 
4469, 
208322, 
263024, 
64834, 
243418, 
62829, 
183882, 
32183, 
251008, 
5111, 
173167, 
15010, 
185588, 
4005, 
272471, 
53453, 
75803, 
307347, 
191101, 
58881, 
7440, 
14123, 
330943, 
23126, 
280825, 
4663, 
127812, 
72464, 
3698, 
43726, 
122960, 
174052, 
125448, 
15287, 
38156, 
201886, 
151512, 
3050, 
247856, 
5309, 
4409, 
79350, 
2898, 
161938, 
256116, 
120587, 
818, 
14417, 
125098, 
4528, 
121011, 
10572, 
211912, 
4506, 
74995, 
5049, 
125317, 
5174, 
14458, 
4583, 
6735, 
13788, 
1318, 
77773, 
59874, 
1526, 
26680, 
37249, 
679, 
671, 
320128, 
5357, 
64573, 
46479, 
129176, 
75703, 
49571, 
265928, 
4595, 
118576, 
156257, 
64656, 
65139, 
68037, 
71630, 
47428, 
62070, 
5363, 
66223, 
5256, 
5253, 
76269, 
49205, 
4480, 
8667, 
169576, 
13462, 
302307, 
169947, 
121911, 
12124, 
202295, 
4884, 
5224, 
56784, 
4754, 
221017, 
245656, 
5045, 
12349, 
3135, 
665, 
5243, 
57723, 
66870, 
1094, 
4199, 
5055, 
583, 
40455, 
132166, 
1065, 
5337, 
211405, 
121382, 
57395, 
63167, 
119710, 
2357, 
1971, 
14467, 
10050, 
14578, 
4279, 
7857, 
2118, 
125581, 
133111, 
357, 
322643, 
121421, 
4909, 
159486, 
13668, 
228212, 
118248, 
3041, 
128997, 
269828, 
60416, 
276926, 
207302, 
196175, 
119914, 
47827, 
139688, 
58674, 
5341, 
9255, 
44342, 
300888, 
2810, 
66299, 
7796, 
5186, 
46400, 
5507, 
204509, 
301779, 
36559, 
3784, 
31190, 
56117, 
1679, 
62055, 
171680, 
258607, 
269214, 
20148, 
166282, 
299576, 
118959, 
36578, 
56554, 
268431, 
4394, 
165020, 
60741, 
32573, 
129601, 
1957, 
58442, 
120805, 
890, 
281421, 
43432, 
4723, 
4785, 
5255, 
167918, 
125535, 
43200, 
240527, 
14420, 
3891, 
59095, 
47519, 
2160, 
51215, 
5524, 
328098, 
1905, 
59456, 
1647, 
58710, 
410, 
54452, 
121531, 
3328, 
181580, 
41305, 
306102, 
118661, 
179715, 
118530, 
4420, 
18730, 
73088, 
204815, 
216927, 
1141, 
121715, 
11931, 
293958, 
165912, 
287500, 
270835, 
121220, 
879, 
129703, 
61000, 
224538, 
212077, 
57462, 
143976, 
241455, 
5338, 
3159, 
333417, 
66297, 
1237, 
641, 
121129, 
66095, 
330021, 
840, 
5324, 
196460, 
5343, 
65976, 
149721, 
276221, 
120190, 
55664, 
329480, 
213223, 
15194, 
2400, 
254991, 
176815, 
121674, 
57024, 
289265, 
5203, 
4879, 
62475, 
9575, 
13919, 
3947, 
120049, 
164766, 
203618, 
9669, 
3671, 
287159, 
733, 
14483, 
61325, 
5304, 
49227, 
177342, 
5353, 
66839, 
46710, 
297746, 
64209, 
8971, 
4439, 
14097, 
135501, 
232369, 
4694, 
263619, 
47394, 
54119, 
136680, 
4820, 
5052, 
5294, 
2562, 
4485, 
118656, 
320523, 
120720, 
193738, 
9549, 
243886, 
71873, 
72067, 
333438, 
120515, 
73535, 
2529, 
210167, 
195620, 
257267, 
3009, 
125172, 
33655, 
141012, 
272542, 
16560, 
57741, 
245225, 
149670, 
274549, 
5465, 
175079, 
66055, 
13122, 
196636, 
312557, 
145132, 
62873, 
123845, 
165584, 
14041, 
120329, 
16638, 
49779, 
10093, 
121188, 
58598, 
57189, 
58467, 
132915, 
293016, 
249250, 
171516, 
2000, 
728, 
331424, 
1726, 
544, 
283725, 
4283, 
120817, 
5262, 
321039, 
30218, 
3511, 
10317, 
5322, 
5362, 
61502, 
33054, 
71674, 
339, 
230727, 
11397, 
1092, 
64618, 
274279, 
273296, 
29136, 
228313, 
121637, 
7740, 
2531, 
75051, 
254, 
1845, 
67384, 
43308, 
326467, 
195511, 
224760, 
3062, 
817, 
12201, 
3275, 
221838, 
118648, 
73259, 
73217, 
348, 
4822, 
7592, 
5237, 
49310, 
8273, 
4930, 
57043, 
38147, 
62494, 
320092, 
3798, 
2228, 
237625, 
2470, 
149224, 
13390, 
64523, 
1170, 
635, 
49793, 
14456, 
5340, 
5336, 
11497, 
12652, 
267352, 
147733, 
3600, 
194016, 
118056, 
2447, 
66165, 
1795, 
755, 
234052, 
117601, 
5364, 
223519, 
57142, 
150244, 
60607, 
118006, 
237415, 
2332, 
2071, 
5506, 
8928, 
46210, 
187834, 
74493, 
15178, 
73424, 
313136, 
1537, 
56931, 
5043, 
265176, 
226925, 
169900, 
5368, 
124402, 
232538, 
205014, 
32650, 
71763, 
13056, 
118829, 
72247, 
71814, 
11197, 
2703, 
214802, 
127306, 
42691, 
121745, 
57580, 
5180, 
615, 
261, 
76259, 
3042, 
5356, 
3751, 
125340, 
207818, 
57932, 
119812, 
4119, 
246989, 
121498, 
5054, 
328030, 
28481, 
5317, 
1115, 
145, 
226599, 
269237, 
182026, 
14876, 
2961, 
759, 
3973, 
126565, 
5130, 
121818, 
170068, 
167105, 
278087, 
241081, 
225709, 
159970, 
66822, 
12378, 
165763, 
235174, 
1719, 
203319, 
12840, 
33640, 
121323, 
36552, 
1893, 
142445, 
12336, 
1879, 
118572, 
5344, 
7091, 
2053, 
203435, 
23215, 
649, 
22017, 
18339, 
4065, 
26528, 
119822, 
141769, 
4654, 
13085, 
4634, 
213896, 
118313, 
210245, 
132720, 
207792, 
1286, 
3462, 
7469, 
222945, 
214213, 
143669, 
298561, 
1633, 
5916, 
122392, 
205541, 
274163, 
4383, 
146005, 
2239, 
13261, 
3500, 
120908, 
209141, 
58457, 
34544, 
216106, 
5089, 
4829, 
4984, 
295951, 
24213, 
5315, 
144578, 
4092, 
310670, 
301878, 
120739, 
268852, 
302591, 
302436, 
2658, 
283272, 
121401, 
165323, 
297764, 
234810, 
206264, 
250780, 
175120, 
120601, 
73807, 
120853, 
121120, 
60667, 
5065, 
133125, 
121963, 
